,y,x,Longitude,Latitude,LocationID,cluster
0,0.39714970000000005,2.1136286,121.23646298934497,22.715490022294087,1,0
1,0.39714970000000005,2.1136286,121.23646298934497,22.715490022294087,1,0
2,0.39714970000000005,2.1136286,121.23646298934497,22.715490022294087,1,0
3,0.39714970000000005,2.1136286,121.23646298934497,22.715490022294087,1,0
4,0.39714970000000005,2.1136286,121.23646298934497,22.715490022294087,1,0
5,0.39714970000000005,2.1136286,121.23646298934497,22.715490022294087,1,0
6,0.39714970000000005,2.1136286,121.23646298934497,22.715490022294087,1,0
7,0.39714970000000005,2.1136286,121.23646298934497,22.715490022294087,1,0
8,0.9675616,-0.09924619999999999,-5.692702234031621,55.34093534693568,2,2
9,0.0618409,-1.3331104,-76.46640931633442,3.5370701448841237,3,1
10,0.7199151999999999,-0.15151879999999998,-8.69102707466674,41.17647965615446,4,2
11,0.7594434,0.7616024,43.68505478218657,43.437346107014804,5,5
12,0.9308469000000001,-0.049737,-2.852884352388613,53.24099066229531,6,2
13,0.5051943,-0.23745549999999999,-13.620304407958145,28.89524046214776,7,2
14,0.7451979000000001,0.4086066,23.437428381742222,42.62255633602268,8,2
15,-0.3880844,1.9912286,114.21567273797542,-22.196988480686215,9,6
16,0.13204079999999999,-1.2572497,-72.11508527203647,7.552244090668402,10,1
17,0.7151818,0.5029096,28.846591642158074,40.905746729825864,11,2
18,1.0676947,-2.6179241,-150.16254902046853,61.06817732634893,12,3
19,0.8979735999999999,0.09380319999999999,5.3804950335560955,51.36075981193867,13,2
20,0.6366123,-1.4382805,-82.49890288508898,36.41186270245122,14,4
21,0.6903074,0.047801300000000005,2.741853766689463,39.4830232957894,15,2
22,-0.3880844,1.9912286,114.21567273797542,-22.196988480686215,9,6
23,0.10573199999999999,2.1833370999999997,125.23490054847561,6.047478296061153,16,0
24,0.7135953,0.24942150000000002,14.306666958185987,40.81500481331336,17,2
25,0.9000906999999999,0.0121397,0.6963258775698583,51.481850080737054,18,2
26,0.8951707,0.1181026,6.7742939766453825,51.20044432640894,19,2
27,-0.4790929,-1.0307234,-59.12167319100045,-27.402337178403858,20,1
28,1.113377,0.35400170000000003,20.30532421836798,63.68103547491469,21,2
29,0.39714970000000005,2.1136286,121.23646298934497,22.715490022294087,1,0
30,0.39714970000000005,2.1136286,121.23646298934497,22.715490022294087,1,0
31,0.39714970000000005,2.1136286,121.23646298934497,22.715490022294087,1,0
32,0.39714970000000005,2.1136286,121.23646298934497,22.715490022294087,1,0
33,0.39714970000000005,2.1136286,121.23646298934497,22.715490022294087,1,0
34,0.39714970000000005,2.1136286,121.23646298934497,22.715490022294087,1,0
35,0.39714970000000005,2.1136286,121.23646298934497,22.715490022294087,1,0
36,0.39714970000000005,2.1136286,121.23646298934497,22.715490022294087,1,0
37,-0.06590850000000001,-0.6725207,-38.57538214382525,-3.769721780311983,22,1
38,1.1953987,0.29108779999999995,16.69662082134479,68.37237253990956,23,2
39,0.6353941,0.49019670000000004,28.11738735795354,36.34218618010924,24,2
40,0.547269,-1.9813968000000002,-113.65172661384624,31.30175726938951,25,3
41,0.1285898,2.3482359,134.69339636140484,7.354859688598007,26,0
42,0.7262367,0.7260517,41.64588805024733,41.538046013062036,27,5
43,0.39714970000000005,2.1136286,121.23646298934497,22.715490022294087,1,0
44,0.39714970000000005,2.1136286,121.23646298934497,22.715490022294087,1,0
45,0.39714970000000005,2.1136286,121.23646298934497,22.715490022294087,1,0
46,0.39714970000000005,2.1136286,121.23646298934497,22.715490022294087,1,0
47,0.39714970000000005,2.1136286,121.23646298934497,22.715490022294087,1,0
48,0.39714970000000005,2.1136286,121.23646298934497,22.715490022294087,1,0
49,0.39714970000000005,2.1136286,121.23646298934497,22.715490022294087,1,0
50,0.39714970000000005,2.1136286,121.23646298934497,22.715490022294087,1,0
51,0.39714970000000005,2.1136286,121.23646298934497,22.715490022294087,1,0
52,0.39714970000000005,2.1136286,121.23646298934497,22.715490022294087,1,0
53,0.39714970000000005,2.1136286,121.23646298934497,22.715490022294087,1,0
54,0.39714970000000005,2.1136286,121.23646298934497,22.715490022294087,1,0
55,0.39714970000000005,2.1136286,121.23646298934497,22.715490022294087,1,0
56,0.39714970000000005,2.1136286,121.23646298934497,22.715490022294087,1,0
57,0.39714970000000005,2.1136286,121.23646298934497,22.715490022294087,1,0
58,0.39714970000000005,2.1136286,121.23646298934497,22.715490022294087,1,0
59,0.39714970000000005,2.1136286,121.23646298934497,22.715490022294087,1,0
60,0.39714970000000005,2.1136286,121.23646298934497,22.715490022294087,1,0
61,0.39714970000000005,2.1136286,121.23646298934497,22.715490022294087,1,0
62,0.39714970000000005,2.1136286,121.23646298934497,22.715490022294087,1,0
63,0.39714970000000005,2.1136286,121.23646298934497,22.715490022294087,1,0
64,0.39714970000000005,2.1136286,121.23646298934497,22.715490022294087,1,0
65,0.39714970000000005,2.1136286,121.23646298934497,22.715490022294087,1,0
66,0.39714970000000005,2.1136286,121.23646298934497,22.715490022294087,1,0
67,0.39714970000000005,2.1136286,121.23646298934497,22.715490022294087,1,0
68,0.39714970000000005,2.1136286,121.23646298934497,22.715490022294087,1,0
69,0.39714970000000005,2.1136286,121.23646298934497,22.715490022294087,1,0
70,0.39714970000000005,2.1136286,121.23646298934497,22.715490022294087,1,0
71,0.39714970000000005,2.1136286,121.23646298934497,22.715490022294087,1,0
72,0.39714970000000005,2.1136286,121.23646298934497,22.715490022294087,1,0
73,0.39714970000000005,2.1136286,121.23646298934497,22.715490022294087,1,0
74,0.39714970000000005,2.1136286,121.23646298934497,22.715490022294087,1,0
75,0.39714970000000005,2.1136286,121.23646298934497,22.715490022294087,1,0
76,0.39714970000000005,2.1136286,121.23646298934497,22.715490022294087,1,0
77,0.39714970000000005,2.1136286,121.23646298934497,22.715490022294087,1,0
78,0.39714970000000005,2.1136286,121.23646298934497,22.715490022294087,1,0
79,0.39714970000000005,2.1136286,121.23646298934497,22.715490022294087,1,0
80,0.39714970000000005,2.1136286,121.23646298934497,22.715490022294087,1,0
81,0.39714970000000005,2.1136286,121.23646298934497,22.715490022294087,1,0
82,0.39714970000000005,2.1136286,121.23646298934497,22.715490022294087,1,0
83,0.39714970000000005,2.1136286,121.23646298934497,22.715490022294087,1,0
84,0.39714970000000005,2.1136286,121.23646298934497,22.715490022294087,1,0
85,0.39714970000000005,2.1136286,121.23646298934497,22.715490022294087,1,0
86,0.39714970000000005,2.1136286,121.23646298934497,22.715490022294087,1,0
87,0.39714970000000005,2.1136286,121.23646298934497,22.715490022294087,1,0
88,0.39714970000000005,2.1136286,121.23646298934497,22.715490022294087,1,0
89,0.39714970000000005,2.1136286,121.23646298934497,22.715490022294087,1,0
90,0.39714970000000005,2.1136286,121.23646298934497,22.715490022294087,1,0
91,0.39714970000000005,2.1136286,121.23646298934497,22.715490022294087,1,0
92,0.39714970000000005,2.1136286,121.23646298934497,22.715490022294087,1,0
93,0.39714970000000005,2.1136286,121.23646298934497,22.715490022294087,1,0
94,0.39714970000000005,2.1136286,121.23646298934497,22.715490022294087,1,0
95,0.39714970000000005,2.1136286,121.23646298934497,22.715490022294087,1,0
96,0.39714970000000005,2.1136286,121.23646298934497,22.715490022294087,1,0
97,0.39714970000000005,2.1136286,121.23646298934497,22.715490022294087,1,0
98,0.39714970000000005,2.1136286,121.23646298934497,22.715490022294087,1,0
99,0.39714970000000005,2.1136286,121.23646298934497,22.715490022294087,1,0
100,0.39714970000000005,2.1136286,121.23646298934497,22.715490022294087,1,0
101,0.39714970000000005,2.1136286,121.23646298934497,22.715490022294087,1,0
102,0.39714970000000005,2.1136286,121.23646298934497,22.715490022294087,1,0
103,0.39714970000000005,2.1136286,121.23646298934497,22.715490022294087,1,0
104,0.39714970000000005,2.1136286,121.23646298934497,22.715490022294087,1,0
105,0.39714970000000005,2.1136286,121.23646298934497,22.715490022294087,1,0
106,0.39714970000000005,2.1136286,121.23646298934497,22.715490022294087,1,0
107,0.39714970000000005,2.1136286,121.23646298934497,22.715490022294087,1,0
108,0.39714970000000005,2.1136286,121.23646298934497,22.715490022294087,1,0
109,0.39714970000000005,2.1136286,121.23646298934497,22.715490022294087,1,0
110,0.39714970000000005,2.1136286,121.23646298934497,22.715490022294087,1,0
111,0.39714970000000005,2.1136286,121.23646298934497,22.715490022294087,1,0
112,0.39714970000000005,2.1136286,121.23646298934497,22.715490022294087,1,0
113,0.39714970000000005,2.1136286,121.23646298934497,22.715490022294087,1,0
114,0.39714970000000005,2.1136286,121.23646298934497,22.715490022294087,1,0
115,0.39714970000000005,2.1136286,121.23646298934497,22.715490022294087,1,0
116,0.39714970000000005,2.1136286,121.23646298934497,22.715490022294087,1,0
117,0.39714970000000005,2.1136286,121.23646298934497,22.715490022294087,1,0
118,0.39714970000000005,2.1136286,121.23646298934497,22.715490022294087,1,0
119,0.39714970000000005,2.1136286,121.23646298934497,22.715490022294087,1,0
120,0.39714970000000005,2.1136286,121.23646298934497,22.715490022294087,1,0
121,0.39714970000000005,2.1136286,121.23646298934497,22.715490022294087,1,0
122,0.39714970000000005,2.1136286,121.23646298934497,22.715490022294087,1,0
123,0.39714970000000005,2.1136286,121.23646298934497,22.715490022294087,1,0
124,0.39714970000000005,2.1136286,121.23646298934497,22.715490022294087,1,0
125,0.39714970000000005,2.1136286,121.23646298934497,22.715490022294087,1,0
126,0.39714970000000005,2.1136286,121.23646298934497,22.715490022294087,1,0
127,0.39714970000000005,2.1136286,121.23646298934497,22.715490022294087,1,0
128,0.7092983,-1.2876847,-73.86081853429489,40.569232348608494,28,4
129,0.7102181,-1.2944879999999999,-74.25105172316043,40.62184149755788,29,4
130,0.5924084,-2.0666094,-118.53947000742343,33.883563551283565,30,3
131,0.7116964,-1.28932,-73.9546183569915,40.706394775326835,31,4
132,0.7326648,-1.5342281999999998,-88.00240514653773,41.90570949464671,32,4
133,0.6297166000000001,-2.0097815,-115.27985590345446,36.01745423494707,33,3
134,0.5870711999999999,-1.4735483,-84.52184264348155,33.57829550412908,34,4
135,0.4961866,-1.4191097,-81.39927734790797,28.380033426932027,35,4
136,0.6565754,-2.1358467,-122.51087981846223,37.553677989895874,36,3
137,0.7393965,-1.2392746000000001,-71.08404436642053,42.29073777033992,37,4
138,0.6837397,-1.3381142,-76.75342426943737,39.107375211907126,38,4
139,0.5741575,-1.6936326000000002,-97.14574548596102,32.83967975419676,39,4
140,0.8281413000000001,-2.1346947,-122.44480179256698,47.36661122292087,40,3
141,0.6780971,-1.3445615,-77.12323751280057,38.784639417319354,41,4
142,0.6797098000000001,-1.3518588,-77.54180624402049,38.87687987666996,42,4
143,0.7833386999999999,-1.6270274,-93.32531134502541,44.80406865201414,43,4
144,0.6957179,-1.8268883999999999,-104.78921788447772,39.79248383111304,44,3
145,0.4501763,-1.4013354,-80.3797542093057,25.748414894744396,45,4
146,0.7367453,-1.4547913000000001,-83.44595242497715,42.13909896223531,46,4
147,0.5835385999999999,-1.9549782,-112.13637163562049,33.37624388466983,47,3
148,0.3720815,-2.7562588,-158.09734406283883,21.281681946959086,48,3
149,0.4550527,-1.3989286,-80.24170161145443,26.027326890761806,49,4
150,0.7293033,-1.5315683999999998,-87.84984062112439,41.71344416066826,50,4
151,0.5713090999999999,-2.0453514,-117.3201239358253,32.6767618374024,51,3
152,0.6958959,-1.3132049,-75.32464182982594,39.802664771005404,52,4
153,0.4882646,-1.4404761000000001,-82.6248411781928,27.92692440543053,53,4
154,0.5233265,-1.6640213,-95.44725915940562,29.93233505942995,54,4
155,0.7956729,-2.1397387,-122.73412259344859,45.50953915100477,55,3
156,0.6146003000000001,-1.4127236,-81.03297449967047,35.152857933290534,56,4
157,0.3218282,-1.1519487,-66.07508335815197,18.407379549809217,57,1
158,0.5234835999999999,-1.5752993,-90.35821869631734,29.941320596829325,58,4
159,0.3671562,-1.5162913999999998,-86.9735611058452,20.999973052285856,59,4
160,0.7118919,-1.9543846999999999,-112.10232883321699,40.71757665032097,60,3
161,0.3647494,-2.7302183999999996,-156.60368240873945,20.862313017831198,61,3
162,0.6261823000000001,-1.3751013,-78.87498203991476,35.815305381792214,62,4
163,0.6762924,-1.5772541000000002,-90.47034484650834,38.68141726999497,63,4
164,0.4631441,-1.4268975,-81.8459808635911,26.490124964048505,64,4
165,0.5877519,-2.0571846000000003,-117.998869158068,33.61722901977363,65,3
166,0.5269934000000001,-1.7046613000000002,-97.77834507293225,30.142068140841697,66,4
167,0.6858725,-1.6530694,-94.81906477416074,39.22936346248254,67,4
168,0.6521004,-2.1280625,-122.06438279661002,37.29772458529865,68,3
169,0.5174098,-1.6629305,-95.38469152863607,29.59392176133377,69,4
170,0.6931977,-1.5061215000000001,-86.39022176942852,39.64833773719887,70,4
171,0.57329,-1.6903828,-96.95933891603535,32.79006197129439,71,4
172,0.7067100000000001,-1.4003283000000002,-80.32198756010511,40.42119118724112,72,4
173,0.6304915,-1.51282,-86.77444369343831,36.06177564125374,73,4
174,0.6753621,-2.1221634,-121.72601397494454,38.62820755998451,74,3
175,0.7495701,-1.5340851,-87.99419701675856,42.872629961850606,75,4
176,0.6583609,-2.1331589,-122.3567092299195,37.65580196842288,76,3
177,0.5154603,-1.7186223000000003,-98.57913962112973,29.48241759099583,77,4
178,0.7227705,-1.4285485,-81.94068122882813,41.339792227360384,78,4
179,0.46570969999999995,-1.3979319,-80.18453149998759,26.63686776959814,79,4
180,0.5322225,-1.4257228000000002,-81.77860077937311,30.441153268881774,80,4
181,0.6980968000000001,-1.4467366000000002,-82.983939686107,39.92854808903402,81,4
182,0.8983314,-0.008062399999999999,-0.46245440623073264,51.38122464504814,82,2
183,0.32295050000000003,-1.3598453000000001,-77.99990707198262,18.471570947793456,83,4
184,0.7319719,-1.2685611,-72.76390036067488,41.8660781842455,84,4
185,0.6815302,-1.4777319,-84.76181141877264,38.98100000577136,85,4
186,0.7494531,-1.3741361,-78.81961874946849,42.86593799574158,86,4
187,0.5781979,-2.0469221,-117.4102183414448,33.070775650495,87,3
188,0.6116053000000001,-1.5703897,-90.07660699845684,34.981555040157865,88,4
189,0.7208768,-1.6736677,-96.00057085124232,41.23147961008982,89,4
190,0.38355359999999994,-2.7809903,-159.5159280015786,21.93784352302161,90,3
191,0.5943893,-2.0525246,-117.73157436581813,33.996863685175555,91,3
192,0.762311,-1.3898162,-79.71901983787126,43.60136219260653,92,4
193,0.6545892,-1.3494834,-77.40555473125005,37.440074715658774,93,4
194,0.3445071,-2.7235166,-156.219271198718,19.704528525791336,94,3
195,0.5902301999999999,-2.0621414000000002,-118.28318821948947,33.75897858907269,95,3
196,0.6964283,-1.4699058,-84.31291103816608,39.83311607661603,96,4
197,0.3240623,-1.1931665,-68.43931153154166,18.535161784716628,97,4
198,0.6177261,-1.7034536,-97.70907212859744,35.33164210135533,98,4
199,0.3392274,-1.7291343000000001,-99.1821016074238,19.402549265399834,99,4
200,0.5969148,-2.0657543,-118.49042198663957,34.14131291943484,100,3
201,0.3200462,-1.1339997,-65.04553953281021,18.305455758302568,101,1
202,0.6439322,-1.3299618999999998,-76.28581325337332,36.83053383682243,102,4
203,0.5435549,2.1258983,121.94024558858702,31.089324523017538,103,0
204,-0.21224429999999997,-1.3438843,-77.08439372882812,-12.139586858403247,104,1
205,0.5741889,-1.3969702,-80.12936896743251,32.841475717750804,105,4
206,0.7283713,-1.2465211999999999,-71.49970497618827,41.660137216962205,106,4
207,0.5605316999999999,-1.9362858,-111.06418683419321,32.060334525065834,107,3
208,0.666269,-1.4963754999999999,-85.83119708160297,38.10811596147211,108,4
209,0.6115668000000001,-1.8606781000000003,-106.72737471745734,34.97935298293395,109,3
210,0.2532228,2.1121974,121.15437021967371,14.483405090869693,110,0
211,0.7484111,-1.4926544,-85.61775702764568,42.80633945996721,111,4
212,0.7525668000000001,-1.3556391,-77.7586419743085,43.04403008867888,112,4
213,0.6893893,-2.0903459,-119.90098134567208,39.43051138053561,113,3
214,1.0676947,-2.6179241,-150.16254902046853,61.06817732634893,12,3
215,0.831124,-2.0513552,-117.66449828640678,47.53721060166771,114,3
216,0.7524324,-1.3283055000000001,-76.19080314738993,43.03634290709723,115,4
217,0.5878215999999999,-1.3775587,-79.01593702327844,33.62121560129327,116,4
218,0.7249051,-1.6347295,-93.76709916034463,41.461883431260546,117,4
219,0.40407509999999996,-1.9149927,-109.84282744774356,23.11159721965668,118,3
220,0.9323776,-0.10943339999999999,-6.27703388802469,53.328541025740435,119,2
221,0.8554347,0.0445059,2.552831608238783,48.92769248616865,120,2
222,0.7603422,-2.028474,-116.35204644082151,43.48875413384206,121,3
223,0.6995296999999999,2.0347921,116.71444885003048,40.010504655167495,122,0
224,0.358173,-1.8031171000000001,-103.42571043919686,20.48616732621261,123,4
225,0.7141206999999999,-1.4214345,-81.532626475166,40.84505574488327,124,4
226,0.5857831,-1.5141341999999998,-86.84982541360455,33.50462096100916,125,4
227,0.5318611999999999,-1.5216931999999999,-87.28340509914462,30.420488248751937,126,4
228,0.4985795,1.345703,77.18871326502229,28.51689843293442,127,5
229,0.7460986,-1.2880826,-73.8836418385516,42.67407303580384,128,4
230,0.6300255,-1.3951691000000002,-80.02605895663397,36.035122169400715,129,4
231,0.7529333,-1.5592335,-89.43669408830709,43.06499252952466,130,4
232,0.5607324,-1.4172441,-81.29226765597207,32.07181382077594,131,4
233,0.8585955,-2.1499664000000003,-123.32077730303955,49.10847852443701,132,3
234,0.6317812,-1.6735631000000002,-95.99457105826608,36.13554169844012,133,4
235,0.4285848,-1.4269742,-81.85038032937771,24.513461166172117,134,4
236,0.23878020000000003,1.7583668999999997,100.85886593015405,13.657341930816987,135,0
237,0.1744258,-1.4697208000000002,-84.30229954963255,9.97650890717194,136,4
238,0.6250199000000001,-1.4659719,-84.08726490442537,35.74882041251762,137,4
239,0.6418658,-2.0894733,-119.85092953543233,36.71234342000463,138,3
240,0.3331607,1.2717847,72.9488041143866,19.05555652357414,139,5
241,0.437013,-1.3520403,-77.55221697466285,24.995522950446155,140,4
242,0.677289,-1.8273771,-104.81724942202548,38.738419094133874,141,3
243,0.7617699,-1.2271288,-70.38736859652604,43.57041327925959,142,4
244,0.7493152,-1.2467882,-71.51501993531504,42.85805062713958,143,4
245,0.6061424,-1.6096176000000002,-92.32669570680407,34.66909741915804,144,4
246,0.7067465999999999,-0.06225169999999999,-3.570720004012912,40.42328457151111,145,2
247,0.8731254,0.1491057,8.552613112611352,49.9395349207403,146,2
248,0.6090448,-1.4349906000000001,-82.31019620332444,34.835103935695024,147,4
249,0.5904397,-2.0334308,-116.63636550224298,33.77096121214825,148,3
250,0.4781399,-1.4408459999999998,-82.64605841932008,27.347829112575667,149,4
251,0.6571146999999999,-1.7005284,-97.54128441909332,37.58452394991806,150,4
252,0.5551404000000001,-1.8566463,-106.49611309870346,31.751972158539587,151,3
253,0.5587043,0.6088878000000001,34.92543734001503,31.95581402192373,152,5
254,0.7296262,0.21381679999999997,12.264402818782909,41.73191284320333,153,2
255,0.21819059999999998,-1.2219957000000001,-70.09293707332911,12.479693166728717,154,1
256,0.7015089,-1.339774,-76.8486293973722,40.123707555363886,155,4
257,0.3893638,1.9881918,114.0414837197127,22.270165416069833,156,0
258,-0.4090276,-0.8111079000000001,-46.52466043405891,-23.39486185345953,157,1
259,0.7167544,-1.2864403999999998,-73.78944623601238,40.99569361788611,158,4
260,0.6539592,2.2069862000000002,126.59139867538465,37.40404105199481,159,0
261,0.7207704,0.036275999999999996,2.0807695029304,41.22539392467102,160,2
262,0.9129573000000001,0.0831456,4.769181518989136,52.21777188533832,161,2
263,0.32165900000000003,-1.2159517,-69.74625687496899,18.397701937282324,162,4
264,0.3609358,-1.8370288000000001,-105.37086511866882,20.644189240451983,163,3
265,0.7761811,-1.2767659,-73.23452274510655,44.39468047575825,164,4
266,0.23458800000000002,-1.5543152,-89.15458336368854,13.417563637464477,165,4
267,0.7936116999999999,-1.2870197,-73.8226745349717,45.391646154902915,166,4
268,0.7498876999999999,-1.4616015,-83.8365813936853,42.89079550404057,167,4
269,0.0820582,-1.2941075,-74.22922647241987,4.693424729635733,168,1
270,0.1583251,-1.3855034,-79.47164022842594,9.055608576133164,169,1
271,0.5923438,-1.4158023000000002,-81.20956687668756,33.87986867085072,170,4
272,0.5092853,-1.4147306999999998,-81.14810054634957,29.12923049079743,171,4
273,-0.607762,-1.0216424000000002,-58.600792502498116,-34.761732532920206,172,1
274,0.7989681,-1.9399858,-111.27641660486368,45.69801237085478,173,3
275,0.6638621,-1.4766516,-84.69984606167661,37.970450207388296,174,4
276,0.30074320000000004,1.3688592,78.51693894491414,17.20139574289694,175,5
277,0.7310259,-1.6006553999999997,-91.81262931472214,41.811970492458016,176,4
278,0.7606494,-1.6884646,-96.84931211979207,43.506324834600115,177,4
279,-0.5828178,-1.2354452,-70.86439228971632,-33.33501679773494,178,1
280,0.8921058000000001,-1.9900243999999998,-114.1466005515318,51.02514341249832,179,3
281,0.7994952,-1.8944327,-108.66351823558541,45.72816053612029,180,3
282,-0.5924712,2.6385363999999996,151.34485812911475,-33.887155478391655,181,6
283,0.6621151,0.4179104,23.971088744002778,37.8705282860852,182,2
284,0.7151818,0.5029096,28.846591642158074,40.905746729825864,11,2
285,0.2545266,-1.5800028999999998,-90.62801435829724,14.557977615766644,183,4
286,0.6045332,-1.5145111999999998,-86.87144990645396,34.5770571468278,184,4
287,0.5639368,-1.5721209999999999,-90.17591332331138,32.25509361735501,185,4
288,0.8189207,-1.6897544999999998,-96.92330000659959,46.839227097238364,186,4
289,0.5320322,-1.5101531000000001,-86.62147191630288,30.43026881460359,187,4
290,0.6332386,-1.6459641999999999,-94.41151478319644,36.218899573716094,188,4
291,0.3442034,-2.7060982000000005,-155.22016226967835,19.68715801205364,189,3
292,0.7701195,-2.150455,-123.34880310464753,44.047979435019364,190,3
293,0.7095130000000001,-1.3166904,-75.52456800973728,40.58151239240001,191,4
294,0.530519,-1.4721905,-84.44396005358522,30.343719386260233,192,4
295,0.4376884,2.115915,121.36760951573984,25.03415332574559,193,0
296,0.1888237,1.8614286,106.77042294526494,10.800015392993252,194,0
297,0.5295626,-1.4974454,-85.89256590096522,30.28901685304084,195,4
298,0.35818340000000004,-1.5171378999999998,-87.02211583581075,20.486762167644525,196,4
299,0.6500600999999999,-1.6299386,-93.49229602296484,37.18102699168977,197,4
300,0.6242118000000001,2.450198,140.54188098304832,35.702600089332144,198,0
301,0.5981348000000001,-1.3596569,-77.98910056149766,34.21109239510157,199,4
302,-0.39810959999999995,-0.7548646,-43.29857863385587,-22.770392742533833,200,1
303,0.2267184,1.3992182,80.2583128929642,12.967451701639153,201,5
304,0.7764115,-1.5381517,-88.22745474254467,44.40785850132679,202,4
305,0.843933,0.2057063,11.799189425533461,48.26983789987684,203,2
306,0.5329049,-1.5908606,-91.25080548829966,30.480184018221916,204,4
307,0.7234128000000001,-1.5796538999999998,-90.60799592857724,41.376529405410174,205,4
308,0.8188439000000001,-1.9912637,-114.21768605282693,46.83483442204886,206,3
309,0.6184784000000001,-1.4406261999999999,-82.6334508237543,35.374670871473434,207,4
310,0.8515950000000001,-2.1386916,-122.67406156834885,48.70807588558051,208,3
311,0.9173398000000001,0.2319141,13.302453042770734,52.46843463296902,209,2
312,0.5813308,-1.9487473999999998,-111.77897670181137,33.24996591222967,210,3
313,0.7279541,-1.5065211,-86.41314258466093,41.63627492413584,211,4
314,0.5307075,-1.5545665000000002,-89.1689977802749,30.35450088721366,212,4
315,0.9707155000000001,0.2208889,12.670054213690674,55.52132673079249,213,2
316,0.6114814000000001,-1.4870868,-85.29840284624433,34.97446841963728,214,4
317,0.6480739000000001,-1.3350546,-76.57792745691214,37.067423717452684,215,4
318,0.5356625,-1.5401274,-88.34077970414296,30.637908511745337,216,4
319,0.7395693,-2.1445383999999996,-123.00943049352617,42.30062128951632,217,3
320,0.313037,-1.3401947,-76.87276049589141,17.904555511709752,218,4
321,0.49048640000000004,-1.407526,-80.73484329533616,28.05400312595212,219,4
322,0.6514529,-1.3958341,-80.06420295595719,37.2606899865329,220,4
323,0.8074714,-2.0790188,-119.25126571449326,46.18436959662272,221,3
324,0.6008505999999999,-2.0916025,-119.97305916454357,34.36642608363902,222,3
325,0.9311976999999999,-0.0397054,-2.2774778206432,53.26105512136406,223,2
326,0.0235653,1.8150378,104.10947460871891,1.347847768794404,224,0
327,0.6697369000000001,-1.4240700000000002,-81.68379716722063,38.30646698086937,225,4
328,0.21190920000000002,-1.5039188000000001,-86.26387622460261,12.120420381111511,226,4
329,0.7466292,-1.4763287,-84.68132471223079,42.70442138808972,227,4
330,-0.0022544,-1.3675964,-78.44450549777828,-0.12894331962547068,228,1
331,0.3148749,-1.1014581,-63.178972963823554,18.009676575912934,229,1
332,0.2303468,1.3562308,77.79258152979654,13.17498272582699,230,5
333,0.7820366999999999,-1.2012770000000002,-68.90452492479112,44.729599080441936,231,4
334,0.4407445,0.9662911,55.425875284845894,25.208950912290746,232,5
335,0.761091,-1.9327427,-110.8609567529871,43.5315827169398,233,3
336,0.7724495,-1.5449496999999999,-88.61738392660357,44.18124679428451,234,4
337,0.5824146,-1.4305504,-82.05550900664035,33.311955252989996,235,4
338,0.3398139,-1.2339582,-70.77909886566577,19.436094890382243,236,4
339,0.9304298000000001,-1.982345,-113.70611479453535,53.2171340890981,237,3
340,0.4027731,1.2677146000000001,72.71534563070932,23.037127648084482,238,5
341,0.18488800000000002,-1.4930315,-85.63938725643483,10.574907948418215,239,4
342,0.7152098000000001,-1.4869350000000001,-85.2896956897071,40.90734822598872,240,4
343,0.23968960000000003,-1.0638235,-61.02027498347885,13.709356238334465,241,1
344,0.7097241999999999,-1.5654434,-89.79289021070889,40.59359224917116,242,4
345,0.7214929,-1.3216226,-75.80747602998079,41.26671824530152,243,4
346,0.8284153000000001,0.14921120000000002,8.558664529045336,47.382283006800115,244,2
347,0.8431773000000001,-1.9941433000000002,-114.38285817380606,48.22661466236754,245,3
348,0.7614435,-1.3857251,-79.48435680684693,43.55174440970417,246,4
349,0.6107116,-1.3767209999999999,-78.96788705601068,34.930438714417406,247,4
350,0.7243831999999999,-1.2933727,-74.18707878715266,41.432032686710976,248,4
351,0.7687354999999999,-1.798684,-103.17143049423487,43.968819767541696,249,3
352,0.5663,-1.6375656,-93.92977614753343,32.39025989349896,250,4
353,0.8927028,-0.003321,-0.1904905590261291,51.059289598541795,251,2
354,0.8883970999999999,0.0782682,4.489416793727455,50.81301952610061,252,2
355,-0.0376541,-1.3942318,-79.97229599337737,-2.1536748809037594,253,1
356,0.8504169,0.04118,2.3620599881650097,48.64069293452889,254,2
357,0.7064587,-1.5518752,-89.01462643384099,40.4068177591796,255,4
358,0.3089564,-1.1309489,-64.87054748298277,17.671160324492,256,1
359,0.7942173,0.2155813,12.365613475633738,45.42628422905355,257,2
360,0.7120105999999999,-1.2758391000000002,-73.18136205552348,40.724365850125594,258,4
361,0.5181899999999999,-1.4359137,-82.36314466313684,29.638546307985557,259,4
362,0.33672290000000005,-1.4199597,-81.44803283576469,19.259301153262687,260,4
363,0.3061151,-1.5412688,-88.40624972042492,17.50864850136751,261,4
364,0.6656441,-1.3692615,-78.54001463051974,38.07237399889494,262,4
365,0.702961,-1.3057419,-74.89656864644382,40.20676229029475,263,4
366,0.8287171999999998,-1.9437906999999999,-111.49466337632965,47.39955056721304,264,3
367,0.3242822,-1.2617421999999998,-72.37277236520866,18.547739249224097,265,4
368,0.6768614000000001,-0.1594519,-9.146064910803505,38.713961959875604,266,2
369,0.8951707,0.1181026,6.7742939766453825,51.20044432640894,19,2
370,0.22819479999999998,-1.03834,-59.558556777835264,13.051896306454202,267,1
371,0.7910268,-1.3206766,-75.75321403996612,45.24379946092675,268,4
372,0.380021,-1.2612778999999998,-72.34614039695938,21.73579190356236,269,4
373,0.40827440000000004,1.9774406999999998,113.42480710148149,23.351781606679058,270,0
374,0.5257263000000001,0.5481311,31.440469635232482,30.069594719843902,271,5
375,0.6366123,-1.4382805,-82.49890288508898,36.41186270245122,14,4
376,0.8786860000000001,0.5392142,30.92900162385636,50.25758061942261,272,2
377,0.8396831,0.2891958,16.588096841315455,48.02675938050304,273,2
378,0.4568539000000001,-1.7145871,-98.34768298042442,26.13034885106584,274,4
379,0.8163376,-1.7583494,-100.85786214069819,46.69148335658695,275,3
380,0.8279301,0.3360736,19.276979204433513,47.3545313661497,276,2
381,0.7964041999999999,0.15233429999999998,8.737803663310466,45.55136679900073,277,2
382,0.8744238999999999,0.24888400000000002,14.275836282041288,50.01380430529213,278,2
383,-0.6031718,-1.0195446,-58.48046395846768,-34.49919011553871,279,1
384,0.9104631999999999,0.3659449,20.990378974333307,52.07511861463308,280,2
385,0.7723798000000001,-2.1144664,-121.28451869255245,44.177260212764864,281,3
386,-0.6459132,3.050696,174.98608445009813,-36.94383969034357,282,6
387,0.18492460000000002,-1.0705361,-61.40530567499309,10.577001332688218,283,1
388,0.7808848,-1.4936912,-85.6772272509514,44.663714672228416,284,4
389,0.6078842,-1.3545867,-77.69827694440212,34.76872191974518,285,4
390,0.9765117,-0.058861199999999995,-3.3762429668620264,55.85284787575928,286,2
391,0.7129845,-1.6887666000000001,-96.86663465783059,40.78006931844677,287,4
392,-0.6575232,2.5279873,145.00382836132331,-37.6078886350081,288,6
393,1.1312368999999998,-2.5805741,-148.0201755246462,64.7025555220132,289,3
394,0.10759149999999999,-1.3163813999999998,-75.50684395591642,6.153834800161385,290,1
395,0.3227969,-1.1716291,-67.20393924428802,18.46278559741443,291,1
396,0.2696987,-1.5345563,-88.02122476485043,15.425765470490564,292,4
397,0.5271819000000001,-1.6054865,-92.0897382998806,30.152849641795125,293,4
398,0.5536638,0.6281998000000001,36.033162024119996,31.66751611446623,294,5
399,0.6828147,-1.8941535,-108.6475034918094,39.05446864224178,295,3
400,0.0618409,-1.3331104,-76.46640931633442,3.5370701448841237,3,1
401,0.5637518,-1.5078597,-86.48992387412567,32.244512303421935,296,4
402,-0.4562151,0.49298569999999997,28.2773627175211,-26.0938118600364,297,5
403,0.8422854,-1.7676694,-101.3924517251979,48.17560128995183,298,3
404,0.688665,-1.3016177,-74.66000701936296,39.389084106580356,299,4
405,0.34484040000000005,-1.2316788,-70.64835385505326,19.723592049758324,300,4
406,-0.023025099999999996,0.6445116999999999,36.96880277984968,-1.3169503321098404,301,5
407,0.29909179999999996,-1.0784861000000001,-61.861312884947246,17.106941787064116,302,1
408,0.1147968,0.057965199999999995,3.324848946721282,6.565951239523257,303,2
409,0.5648583,-1.1288563,-64.75051720781924,32.3078,304,4
410,0.6385635999999999,-2.1265616,-121.97829207693452,36.5234698261139,305,3
411,0.0479194,1.7751743999999998,101.8229340032741,2.740811972347755,306,0
412,0.5422249,-1.7074365000000002,-97.93752887281461,31.013253455282502,307,4
413,0.5445061,2.1177127000000002,121.47072450458695,31.143729635520977,308,0
414,0.7646288,0.1955659,11.217542191342385,43.733931757115016,309,2
415,0.7344891,-1.3992978999999999,-80.26288443694324,42.01005268928508,310,4
416,0.7833177,-1.1084341,-63.57911212063363,44.80286752989201,311,4
417,0.48468490000000003,-1.7017168999999999,-97.60945606299651,27.72217884064021,312,4
418,0.6181274999999999,0.8927743,51.20899593229783,35.35460069277551,313,5
419,0.5875406999999999,-1.7771466,-101.93605820698123,33.605149163002466,314,4
420,0.5575018,-1.7837615000000002,-102.31548488536183,31.88703548135878,315,4
421,0.8070071,0.1066213,6.115733526375375,46.1578133584653,316,2
422,0.8175488000000001,-1.6090818999999998,-92.29596827757481,46.76075950488822,317,4
423,0.7931666,0.16190970000000002,9.287042837926185,45.36618808554287,318,2
424,0.7129548000000001,-1.3587162,-77.93514257628962,40.77837058858833,319,4
425,0.46353679999999997,-1.3734973999999998,-78.78298330229894,26.512585947732376,320,4
426,0.9769061,0.653008,37.456145428646344,55.87540609313876,321,2
427,0.8710938,-1.6971564,-97.34786853079578,49.82333493486774,322,4
428,0.7597925,-1.4674658,-84.1729541083185,43.45731333238796,323,4
429,0.6638708999999999,-1.5277286,-87.62959200668642,37.970953534753754,324,4
430,0.7815165,-1.5649809,-89.76636148937507,44.69984556958798,325,4
431,0.41614490000000004,1.5777389,90.4981526824059,23.801945019166755,326,0
432,0.44991970000000003,-1.7471968,-100.21815572437937,25.733738326337775,327,4
433,0.097829,-0.002911,-0.16697320605994032,5.595456004098727,328,2
434,0.7366808000000001,-1.3260976,-76.06415933369712,42.13540980143162,329,4
435,0.3664057,-1.7711776000000001,-101.59367996343201,20.95704723549251,330,4
436,0.5902861,0.6193894,35.527802788575336,33.76217586176923,331,5
437,0.648416,-1.8806619999999998,-107.87363918072809,37.086990568785126,332,3
438,0.7451979000000001,0.4086066,23.437428381742222,42.62255633602268,8,2
439,0.4347004,1.172177,67.2353664581665,24.86325080665363,333,5
440,0.7416079000000001,-1.3344508,-76.5432938527146,42.41722164942961,334,4
441,-0.1526844,2.0100433,115.29487259371435,-8.732981454499296,335,0
442,0.15669370000000002,0.6771756,38.84238440314797,8.96229854613095,336,5
443,0.6205046999999999,2.4396212000000004,139.93520210779764,35.49056771700088,337,0
444,0.8497991,0.1609536,9.23220151799698,48.60535706562159,338,2
445,0.7663444,-1.6144296,-92.60270912747065,43.832057714864064,339,4
446,0.7358291,-1.3420116000000002,-76.97697678517012,42.08669571993543,340,4
447,0.9198234000000001,-0.1557675,-8.934729946733684,52.61048734261318,341,2
448,1.0527336999999999,0.43569179999999996,24.99101913432714,60.212463608767,342,2
449,0.4833969,1.4897973,85.45387549310983,27.648510017149434,343,0
450,0.5467663,-1.6152986999999999,-92.6525601798192,31.273004693637326,344,4
451,0.1771858,1.3334647,76.48673175086104,10.134370671795033,345,5
452,1.0411221,0.3127386,17.9384976642725,59.54832315003603,346,2
453,0.9751485999999999,-0.07737150000000001,-4.437982622008477,55.77488361077459,347,2
454,0.5823727,-0.13247,-7.598399383978116,33.30955872837488,348,2
455,0.6146944999999999,-1.7751046000000001,-101.81893031733011,35.158245823952655,349,4
456,0.8989370000000001,0.0009647999999999999,0.05534034668726569,51.415862719198785,350,2
457,0.618433,-2.0779366,-119.18919137454202,35.372074159837965,351,3
458,0.8134421,-1.9544721,-112.10734204455662,46.525871494461526,352,3
459,-0.23624250000000002,-1.2555688999999999,-72.01867559675458,-13.512194901801037,353,1
460,0.8368730999999999,-1.6960429,-97.28399884170345,47.866037801303435,354,4
461,0.7779316999999999,0.4555693,26.13118055770621,44.494808303710855,355,2
462,1.0505818,0.1937385,11.112723628390158,60.08938290902338,356,2
463,0.7371380999999999,-1.4931658,-85.6470906235162,42.16156566554832,357,4
464,0.6121394,-1.3446523000000001,-77.12844574609163,35.01210357946409,358,4
465,0.5501557,1.2985878,74.48621378094283,31.466865804149467,359,5
466,0.4577737,-1.7043909,-97.76283509185404,26.182958000015226,360,4
467,0.759473,-1.9560078999999997,-112.19543460720409,43.43903911724409,361,3
468,0.5674222,-1.6063608,-92.13988762109605,32.45444557185404,362,4
469,1.1167489,-0.3945422,-22.63070287184548,63.87389565032504,363,2
470,0.967066,0.6615897,37.94838656998767,55.31258886485336,364,2
471,0.7135953,0.24942150000000002,14.306666958185987,40.81500481331336,17,2
472,-0.5927975999999999,0.32466090000000003,18.622353608830533,-33.90582434794708,365,5
473,0.18225429999999998,-1.3179505,-75.59684658649996,10.424270075415373,366,1
474,0.17989979999999997,2.1638417000000003,124.11665615087311,10.289601407007737,367,0
475,0.684574,-1.865216,-106.98766592727505,39.15509407793069,368,3
476,-0.47794440000000005,2.6723958999999997,153.28701864803836,-27.336647237581534,369,6
477,0.18505929999999998,-1.1692063,-67.06496889607709,10.58470567315732,370,1
478,0.3464461,-1.7632188999999998,-101.13717372671978,19.81543213506821,371,4
479,0.6149982,-2.1056001,-120.77595306668876,35.17561633769036,372,3
480,-0.1069114,1.8614983,106.77442089526919,-6.1149356022917605,373,0
481,0.7619829,0.1259407,7.223882670021685,43.582596089355505,374,2
482,0.6918939000000001,-1.8660710999999999,-107.03671394805892,39.57376521230192,375,3
483,0.3783804,0.6834099,39.199980094848236,21.64195566767807,376,5
484,0.4042427,-1.8546916000000002,-106.38399268445224,23.12118331811713,377,3
485,0.7228229,0.34418940000000003,19.742496602489602,41.34278931303656,378,2
486,0.9360271000000001,0.1743275,9.999320363934816,53.53727889167956,379,2
487,0.7983642,0.28045349999999997,16.08664378073908,45.66347153039975,380,2
488,0.5867220999999999,1.2758216999999998,73.18036400200734,33.55832827875592,381,5
489,0.8740208,0.3453099,19.80676780736427,49.99074848017636,382,2
490,0.7658331,-1.5927299,-91.35802741000623,43.80281325100472,383,4
491,0.7488859,-1.8581473000000002,-106.58220955431872,42.83349625918571,384,3
492,0.7822286999999999,0.35446059999999996,20.331646445870863,44.74058076841572,385,2
493,0.7201874,-1.2721147,-72.9677327155545,41.19204848670897,386,4
494,0.3953991,1.5436861000000002,88.54490459194973,22.615362194341483,387,0
495,0.5624219,-1.4084371,-80.78710344237884,32.16844695531605,388,4
496,0.6132825,-1.9490266,-111.7949914455874,35.07748466031215,389,3
497,0.7065302,-1.8713072,-107.33705348919614,40.41090729402401,390,3
498,0.1253279,1.3942406,79.97280075607517,7.168291105255955,391,5
499,0.24540900000000002,-1.5222273000000002,-87.3140407533379,14.036484708111752,392,4
500,0.9055641,0.0041015,0.23525956875810555,51.79490826279794,393,2
501,0.19005940000000002,-1.3051712,-74.86383363830285,10.870692850437004,394,1
502,1.0437120999999998,0.5281803,30.296103768018245,59.696461545099,395,2
503,0.8166587,-1.2460482,-71.47257398118094,46.709849085797266,396,4
504,-0.6080448,-0.9779219000000001,-56.09301096503895,-34.77790764416492,397,1
505,0.8408629999999999,-1.8088941000000003,-103.75707567843021,48.094245284879406,398,3
506,-0.2769692,-0.8363763000000001,-47.974040633304874,-15.8416111080602,399,1
507,0.61674,-1.6470218999999997,-94.47218381790944,35.27524083827749,400,4
508,0.3143041,-1.1617436,-66.63691292051422,17.977028932707547,401,1
509,0.6400978,-0.0785243,-4.504106535421702,36.6112203765794,402,2
510,0.316512,-1.1430789,-65.56631697439708,18.10331262477687,403,1
511,0.7138153,0.511542,29.341740904951564,40.82758799744998,404,2
512,0.1416021,1.7159537,98.42607033301856,8.099114992875204,405,0
513,0.4521589,-1.7004028000000002,-97.53408007877002,25.861812262331984,406,4
514,0.9105521999999999,-1.8622663000000002,-106.8184729125327,52.08020908457926,407,3
515,0.9154931999999999,-0.0305089,-1.7499721217320898,52.36281596102951,408,2
516,1.0184869,-2.3487944,-134.72543158489657,58.253673651993786,409,3
517,0.6216357,-1.8516023000000001,-106.20679229782188,35.55525672272143,410,3
518,0.2127364,-1.2035756000000002,-69.03637123583523,12.167733153465214,411,1
519,0.8490485999999999,-2.1541901,-123.56304619016952,48.56243124882824,412,3
520,0.5699652,-2.0002521,-114.73325526112276,32.59989574121509,413,3
521,0.6514738,-1.3823078000000002,-79.28834253784363,37.261885389025885,414,4
522,0.24469870000000002,-1.0645269,-61.06062158366523,13.995858182237917,415,1
523,0.3703798,1.8466805,105.92448081531214,21.184351017662305,416,0
524,0.29246659999999997,-1.7410357,-99.86475874057453,16.728004916418858,417,4
525,0.20152620000000002,1.8298729999999999,104.96041274219209,11.526551286154422,418,0
526,0.5966478000000001,-1.3914445,-79.81241814478551,34.126041509596305,419,4
527,0.9702546999999999,0.6503359000000001,37.302875382644025,55.4949706796554,420,2
528,0.655516,2.2129204,126.93178081190159,37.493084238648876,421,0
529,0.5675165,-1.4824635,-85.03321314388194,32.45983918214532,422,4
530,0.8802027,-1.8267663,-104.78221430204562,50.34433023478631,423,3
531,0.8093876999999999,-2.042297,-117.14492539216694,46.29397485008187,424,3
532,0.42643630000000005,0.9538416,54.71177946593719,24.390574933819686,425,5
533,0.6464069,-1.9811286,-113.63634282344249,36.97207749947199,426,3
534,0.0007398,0.5662459,32.47952364867618,0.04231381647397232,427,5
535,0.7523643,-1.3778711000000001,-79.03385609905072,43.03244783964403,428,4
536,0.6721088000000001,-2.1434912999999995,-122.94936946842641,38.44213086474962,429,3
537,0.30720590000000003,-1.7708285,-101.57365579777225,17.571038216168553,430,4
538,0.6954107,-1.5651747,-89.77747774060641,39.774913130354996,431,4
539,-0.30636990000000003,-2.6111346,-149.7731073912882,-17.523222116449382,432,3
540,0.28478190000000003,-1.5101113000000002,-86.61907429348828,16.288468574897458,433,4
541,0.6008697,2.3604532000000003,135.394173328219,34.36751853280725,434,0
542,0.6219515999999999,-1.3506283000000001,-77.47122550542319,35.57332503121579,435,4
543,0.1134211,-1.0167259,-58.31878502479501,6.48726630126529,436,1
544,0.6696251999999999,-1.4409089,-82.64966632542148,38.300078155105446,437,4
545,0.8090229,-1.5253375,-87.49243995137554,46.273109642931686,438,4
546,0.7072022,0.4009178,22.996403446409463,40.44934320193224,439,2
547,0.48073,-1.7359324,-99.57203652742245,27.495973227267793,440,4
548,-0.3425111,-0.7674552,-44.02076786374879,-19.590364727897246,441,1
549,0.0839969,-1.3219036,-75.82359402067225,4.80431118002515,442,1
550,0.7581583000000001,0.09113099999999999,5.227219251614023,43.36384315276947,443,2
551,0.5372560000000001,-1.4534527,-83.3691711355124,30.729050802298563,444,4
552,0.5466598000000001,-1.4913769,-85.54448039736688,31.266913288589375,445,4
553,0.669168,-1.3179033000000002,-75.59413922293899,38.27392801061788,446,4
554,0.9142035,0.2360121,13.537511853637666,52.289049903843136,447,2
555,0.6721228,-1.8831055,-108.01379686846684,38.44293161283104,448,3
556,-0.5574634,2.024006,116.09576465288752,-31.884839143764022,449,6
557,0.5646856,-1.6650859,-95.50832397396125,32.29792220045275,450,4
558,0.5338718000000001,-1.6818656000000003,-96.4707974558314,30.53548711250238,451,4
559,0.8127684000000001,-2.1038897,-120.6778455532415,46.4873383528577,452,3
560,0.7980762,0.08885169999999999,5.096479976941257,45.646998998439074,453,2
561,0.20951279999999997,-1.0783726,-61.854802593333424,11.983355188088764,454,1
562,0.7772894,0.197025,11.301235288203278,44.45807112566107,455,2
563,0.5257996,-1.6270535,-93.32680842529959,30.073787208013055,456,4
564,0.7007026,0.7748546,44.445192989451265,40.077590185503155,457,5
565,0.4375436,2.1214826,121.68696369714118,25.02587130273203,458,0
566,0.7770241,-1.9028278000000003,-109.14505611335726,44.442896949518136,459,3
567,0.14804089999999998,1.342509,77.00550734947592,8.467390474779249,460,5
568,0.45720299999999997,2.227843,127.78773215671441,26.15031607643899,461,0
569,0.8020626000000001,-1.9634431,-112.62191319933632,45.87500629499469,462,3
570,-0.3098902,3.0969645,177.64001773233255,-17.724570221522814,463,6
571,0.3788342,-1.785786,-102.43160898555706,21.66791134477443,464,4
572,0.7793053000000001,-1.2822603000000001,-73.54967821861248,44.57337312975662,465,4
573,0.8272669,-2.0980079,-120.3404690491524,47.31659878560694,466,3
574,0.9935042,0.4183746,23.997714976312302,56.824755859584606,467,2
575,0.9535450000000001,0.4413205,25.313877974914426,54.539237807074805,468,2
576,0.8639153,0.1931538,11.079185588684473,49.412751356118875,469,2
577,0.3654196,-1.5648221000000002,-89.7572528170555,20.900645972414676,470,4
578,-0.39986370000000004,-0.7533382,-43.21102524954467,-22.870720757506795,471,1
579,0.2967042,-1.6881977,-96.83400289660506,16.970379921406835,472,4
580,0.4526529,2.0885133999999996,119.79587024979269,25.89006723034786,473,0
581,0.7932364000000001,-1.7177843999999998,-98.53107818198245,45.37018038669167,474,4
582,0.7152028,-2.1661107000000004,-124.24680462375186,40.906947851948004,475,3
583,0.6662969,0.228481,13.105532495287264,38.10971173800579,476,2
584,0.4112449000000001,-1.3243208999999998,-75.96224889219704,23.52168319066924,477,4
585,0.5503983,-1.4694713,-84.28798837996166,31.480741624474668,478,4
586,0.7199151999999999,-0.15151879999999998,-8.69102707466674,41.17647965615446,4,2
587,0.8718984000000001,-2.0835391,-119.51054739891535,49.869355071032864,479,3
588,-0.5467,-1.120641,-64.27929254971404,-31.269212579508874,480,1
589,0.6539189999999999,0.26295830000000003,15.083129649973072,37.40174176107529,481,2
590,0.7624279,0.1813868,10.404237558554854,43.6080484390864,482,2
591,-0.4455564,-0.8582796,-49.2304007240959,-25.484173747504464,483,1
592,0.7414473,-1.9981925,-114.61511784607603,42.40803592500986,484,3
593,0.3219225,-1.1264878,-64.61466147489139,18.412773160100507,485,1
594,0.5679493,-2.0415116,-117.09987532138733,32.48459373711955,486,3
595,0.2572563,-0.3052616,-17.50962144932569,14.714106332756373,487,2
596,0.6892183000000001,-0.0084059,-0.48215735926460057,39.42073081468397,488,2
597,1.0064057,0.21432289999999998,12.293432409846782,57.56267381476027,489,2
598,0.7830559,-1.5967022,-91.58587614461011,44.78789354076943,490,4
599,0.9532656999999999,-0.10249449999999999,-5.8790227648610625,54.52326288285043,491,2
600,0.7740343000000001,-1.8420031000000003,-105.65618796954618,44.27189147710143,492,3
601,0.8311013,-0.9206943000000001,-52.81047030989781,47.53591224584998,493,4
602,0.8693921,0.41811279999999995,23.982698286052425,49.72600400557096,494,2
603,0.940427,0.489228,28.061823309616106,53.78893685478287,495,2
604,-0.3079599,-1.1019206,-63.20550168515736,-17.61416421998225,496,1
605,0.4355923,0.8150478,46.75065072418448,24.914264179069335,497,5
606,0.7592949999999999,-1.9948415000000002,-114.42290650512555,43.42885817735173,498,3
607,0.7598971,0.2844538,16.316098578472364,43.46329606448201,499,2
608,1.0330028,0.1790464,10.269993624696152,59.083929300215644,500,2
609,0.9661375,-2.298843,-131.86024937768858,55.25948210816765,501,3
610,0.7489173000000001,-1.9651709,-112.72101876629968,42.83529222273976,502,3
611,0.36587159999999996,-2.7344597999999998,-156.8469665572048,20.92649869618628,503,3
612,0.5101004,0.8372152,48.022159431849595,29.175851188023614,504,5
613,0.6903074,0.047801300000000005,2.741853766689463,39.4830232957894,15,2
614,0.337496,-1.7377546000000001,-99.6765568215078,19.30351960624461,505,4
615,0.3021374,-1.0946478000000002,-62.78833825917567,17.281138812548207,506,1
616,-0.22529780000000002,-0.6688538,-38.36505096921131,-12.886198649891487,507,1
617,0.8877773999999999,0.1246643,7.150669135080117,50.77757498423941,508,2
618,0.5534369,1.3054591999999998,74.88035314477665,31.65453827591805,509,5
619,0.7953621999999999,-1.4799816000000001,-84.89085285528004,45.49176826322636,510,4
620,0.7428366,0.3188402,18.288481763927376,42.487498732832634,511,2
621,-0.0598545,0.6470720999999999,37.11566578115366,-3.4234554313887213,512,5
622,-0.285206,-1.2493608,-71.66258272126827,-16.312725522135374,513,1
623,0.5838178,-1.5462116000000001,-88.68976575028171,33.39221308926504,514,4
624,0.7964147,-1.5615024,-89.56683682524609,45.55196736006181,515,4
625,0.8291954,-1.6569056,-95.0391068947678,47.42690183382275,516,4
626,0.1940736,-1.2955683999999998,-74.31302281619621,11.100290203897154,517,1
627,0.8072288000000001,-1.4743215,-84.56619292961193,46.170493776297526,518,4
628,0.7535215000000001,-1.3951288999999998,-80.02375310885532,43.09863538820267,519,4
629,0.4627112,-1.3453608999999997,-77.16909061514488,26.46536468944512,520,4
630,0.7259557,-1.9035433999999998,-109.18610249819285,41.52197385514207,521,3
631,0.6530673,-0.10285419999999999,-5.8996549401340825,37.35302767957911,522,2
632,0.7614715,0.023803099999999997,1.3653314741207025,43.553345905867005,523,2
633,0.44088940000000004,0.8999808000000001,51.622356430226716,25.21723865493346,524,5
634,0.3598398,-1.7485755,-100.297237125683,20.581502104934987,525,4
635,0.6083938,2.3876976,136.9568956968825,34.79786914990892,526,0
636,0.9156190000000001,0.1690365,9.695831791876023,52.37001125450401,527,2
637,0.4012372,-1.4383101999999999,-82.50060645919407,22.949279863923394,528,4
638,-0.141834,-0.6095318000000001,-34.96237679199119,-8.112378812881035,529,1
639,0.33415900000000004,-1.6787851000000003,-96.29410183189886,19.11265558140865,530,4
640,0.545569,-1.4218586000000002,-81.55695259563666,31.204523573788325,531,4
641,0.9048014000000001,-0.1481978,-8.500536515640613,51.751284651247936,532,2
642,0.8661475000000001,0.1084115,6.218418319741401,49.540424918072375,533,2
643,0.2117259,-1.1915101000000001,-68.34430142555827,12.109936300874041,534,1
644,-0.7590332,3.0112514,172.72356596031733,-43.41388418822915,535,6
645,0.7557468,-0.050799699999999996,-2.9138401840890245,43.225914295744616,536,2
646,0.6091006999999999,-2.1023713,-120.59075104411015,34.83830120839155,537,3
647,0.7029470999999999,-1.3858752,-79.49296645240845,40.20596726184248,538,4
648,0.7980116,-1.5200718,-87.19040257207297,45.643304118006235,539,4
649,0.7200024,-1.2227812,-70.13799288004847,41.181467172775896,540,4
650,-0.44052109999999994,-1.0039134,-57.58386774460162,-25.196173260762915,541,1
651,0.8098031,-1.6430198,-94.24262577326071,46.317734189583476,542,4
652,0.7070154000000001,-2.1344155,-122.42878704879098,40.438658934674415,543,3
653,0.6071215,2.3638391,135.58838651214148,34.72509830819517,544,0
654,0.8305952,0.1314217,7.538269527601395,47.50696520270659,545,2
655,0.6566941,-2.1110456,-121.08830366565799,37.56046718970049,546,3
656,-0.523501,-0.8931094,-51.22821706639288,-29.942315812301953,547,1
657,0.7125289,-2.0209516,-115.92056610922917,40.75401068802565,548,3
658,0.6086853,0.5868651999999999,33.6622342731048,34.81454186888995,549,5
659,0.7889028,0.1335112,7.65812198863274,45.122314537716804,550,2
660,0.8103005,0.5354059,30.710559830438957,46.346183624990545,551,2
661,0.7534499,-1.5051405,-86.3339522005021,43.09454013372911,552,4
662,0.8476401,-1.6301916,-93.5068079505269,48.48187027220809,553,4
663,0.0731612,1.2833249,73.61074303316809,4.184549323892381,554,5
664,-0.06590850000000001,-0.6725207,-38.57538214382525,-3.769721780311983,22,1
665,0.7511129,-1.4164028,-81.2440111948734,42.960872400423256,555,4
666,0.5336955,1.8142174,104.06241695902754,30.525403406305614,556,0
667,0.6725434,-1.8663328999999997,-107.05173063831877,38.4669883730486,557,3
668,-0.28821149999999995,-1.1901801,-68.26801342691185,-16.484628976329105,558,1
669,0.7198051999999999,-1.3425264,-77.00650540299205,41.170188064086155,559,4
670,0.36277719999999997,-2.7393118,-157.12527435377052,20.74951049167552,560,3
671,0.7867611999999999,-1.4584024,-83.65308294521179,44.999822959775926,561,4
672,0.8048097,-1.1288545,-64.75041396090378,46.03213022745704,562,4
673,0.458512,0.8837229999999999,50.689818817900594,26.2251860220519,563,5
674,0.8796755999999999,0.5314475000000001,30.48350839146003,50.31418206952079,564,2
675,0.7648835999999999,0.319945,18.35185242626163,43.74850537219688,565,2
676,0.8158350000000001,-2.0439551,-117.24003300912604,46.66273650046393,566,3
677,-0.12004569999999999,0.6842144,39.246125730119694,-6.86616885413563,567,5
678,0.0699193,0.16963689999999998,9.730270374122119,3.9991246663809314,568,2
679,0.6580066,-1.9739499,-113.22457691676352,37.63553732233376,569,3
680,-0.4829375,-0.8474010000000001,-48.60641078268619,-27.622234040820505,570,1
681,0.6566644,-2.0741143,-118.96994654955992,37.55876845984206,571,3
682,-0.09085750000000001,-1.4070216,-80.70591121524801,-5.196712057696594,572,1
683,0.3220255,-1.2027377000000001,-68.98830979668799,18.41866437812811,573,4
684,0.8232439,-1.5444261000000001,-88.58735054608383,47.08649810478132,574,4
685,0.2720881,0.5681605,32.58934395108853,15.562430289472598,575,5
686,0.799682,-1.5378882,-88.21234054130908,45.73884480337812,576,4
687,0.7003675,0.5758731,33.03173404008129,40.05842370821142,577,2
688,0.29508809999999996,1.6778408999999999,96.23994308879962,16.877944994665032,578,0
689,0.7824014,-0.0124888,-0.7163500432296058,44.75045856796297,579,2
690,0.6258314,0.25268,14.49357255486971,35.7952352030943,580,2
691,0.2713463,-1.0698868000000001,-61.368062218210305,15.520002080415566,581,1
692,-0.2902832,-0.8590633,-49.275353283899804,-16.60312253349203,582,1
693,0.8045076999999999,-2.0645151000000004,-118.41934222128423,46.01485694741495,583,3
694,0.3341398,-1.8248988000000002,-104.6750956272545,19.11155741261127,584,3
695,0.8270521999999999,-1.6203462,-92.94208173859198,47.304318741815415,585,4
696,0.6925239000000001,-1.3195823,-75.6904456513054,39.609798875965886,586,4
697,0.7323681,0.3773646,21.645406085718637,41.88873935494973,587,2
698,0.36918779999999995,-2.7418423,-157.27042230908992,21.116173038158415,588,3
699,0.646833,-1.5493952,-88.87237512809428,36.99644883929297,589,4
700,0.7224459,-1.2324521000000002,-70.69270987712339,41.321226311129706,590,4
701,0.9605855999999999,-0.0295252,-1.6935476824324804,54.941934017221655,591,2
702,0.46200959999999996,0.8691373,49.853191854098306,26.425235771307598,592,5
703,0.8079129,-1.1016709999999998,-63.19118477954672,46.209621759333274,593,4
704,-0.6639126999999999,2.5214596,144.62940342240285,-37.97334433973971,594,6
705,0.6431713000000001,0.1784983,10.238554938938181,36.787013178597185,595,2
706,0.8167687,-1.7942334,-102.91614675981701,46.71614067786558,596,3
707,0.7183025,-1.8293144000000001,-104.9283717827606,41.084239196803864,597,3
708,0.9539534,-0.10848669999999999,-6.222731746431785,54.56259677253569,598,2
709,0.7430355,0.367144,21.05915862784979,42.498875075217974,599,2
710,0.32754240000000007,1.7272232,99.07248206290262,18.73421059887055,600,0
711,-0.6099053000000001,2.4178222000000003,138.68482460216362,-34.88432134455668,601,6
712,0.6403788,0.0561195,3.218980706795198,36.62729253449936,602,2
713,0.7751583000000001,0.1542435,8.847314224976436,44.33618010878127,603,2
714,0.7923044,0.1900402,10.900591368695387,45.31687344298561,604,2
715,0.21962529999999997,-1.4261295,-81.80192884632761,12.561752686186958,605,4
716,-0.053033699999999996,-1.048065,-60.11637691831376,-3.0333309661201753,606,1
717,0.7267515999999999,2.155185,123.62011305472087,41.567496383570884,607,0
718,0.2353297,2.527167,144.95677644757168,13.459986126892355,608,0
719,0.8190429,0.5049412,28.963122994075416,46.84621648406335,609,2
720,-0.5730213000000001,-1.2006626,-68.86928331098032,-32.774693327760254,610,1
721,0.6945607,-2.1268233,-121.99330303125464,39.7262962825544,611,3
722,0.9401373,-0.028982400000000002,-1.6624130014811456,53.7723670891266,612,2
723,-0.10317370000000001,-0.6151884,-35.28683595976812,-5.901153023439684,613,1
724,0.5227400999999999,-1.6409707999999998,-94.12509636782724,29.89879515407669,614,4
725,0.194599,-1.0617222,-60.899745681557256,11.130341135467072,615,1
726,-0.28700890000000007,-2.6485547,-151.91950178087373,-16.415844716135005,616,3
727,0.6376050999999999,-1.6266564,-93.30403100856087,36.468647180682304,617,4
728,0.7108203000000001,-1.7279946,-99.11672910211753,40.65628510431731,618,4
729,0.6412549,-1.8889699,-108.3501753190398,36.67740220550888,619,3
730,0.6678293000000001,-1.377002,-78.98400504670215,38.19735933514654,620,4
731,0.1088002,-0.1808563,-10.373808398192507,6.222967957733824,621,2
732,-0.312969,0.5426717,31.12732174063831,-17.900666163885703,622,5
733,0.6624188,-1.8833498,-108.02780976927083,37.88789879982289,623,3
734,0.4201479,-1.9261803,-110.48454144297412,24.03090177416177,624,3
735,-0.41235340000000004,-0.8143076,-46.70819329817089,-23.58508527983036,625,1
736,0.6918991,-1.3948025,-80.00503100151835,39.574062633017874,626,4
737,0.7272648,0.7846075,45.00461345711942,41.59684952038414,627,5
738,-0.2947128,2.5439047,145.91684083474775,-16.856479226453786,628,6
739,0.6352859000000001,0.4446977,25.507592132078845,36.335997541365685,629,2
740,1.0523183,0.0910737,5.223932558138505,60.18870426926541,630,2
741,0.7532456999999999,-1.6289385,-93.43493088954659,43.08286065099866,631,4
742,-0.1410472,-1.3807091,-79.19664206909474,-8.067376770705149,632,1
743,0.5516445,-0.1402599,-8.045223354395954,31.552019642979484,633,2
744,1.0369576999999999,0.43341409999999997,24.86037163469034,59.31013491358805,634,2
745,0.8967973,-0.047457099999999995,-2.7221106620773594,51.293479814211814,635,2
746,1.0359296999999998,0.31314169999999997,17.961619237396086,59.251337125895105,636,2
747,-0.3535698,-0.7031301,-40.33111888500393,-20.222881357041224,637,1
748,0.38841079999999994,-1.7615783,-101.04306989921655,22.215657350241642,638,4
749,0.6139981,2.2503927000000004,129.08116936203555,35.118414326531095,639,0
750,0.5861845,2.2767995,130.59584749937105,33.527579552429344,640,0
751,0.7378484000000001,-1.4478483,-83.04770612828385,42.20219219142217,641,4
752,0.7813699000000001,-1.8671533,-107.09878828801016,44.69146059324967,642,3
753,0.4117808,1.0172546999999998,58.34911667418164,23.552334683300217,643,5
754,0.6681504,-0.0097417,-0.5587780424163933,38.215725064356846,644,2
755,0.8067558000000001,0.2523327,14.473651636125423,46.143439930403794,645,2
756,0.4446209,-1.3383796000000001,-76.76864745352817,25.430666616778048,646,4
757,0.7583438,0.6973741999999999,40.00096392905738,43.374453064848296,647,5
758,0.1503852,-0.2303049,-13.210150300348317,8.601475741013276,648,2
759,0.5943108,-0.1178363,-6.759019169096856,33.99237377629044,649,2
760,0.7746243,-1.7503209,-100.39735221804197,44.30563728910419,650,4
761,0.6324654000000001,0.7673026,44.01201481969356,36.17467540110502,651,5
762,0.9887866,-1.9411901000000003,-111.34549452724707,56.55492663466217,652,3
763,-0.7212957,3.0509227,174.99908782550654,-41.255439136611784,653,6
764,0.27533090000000005,-1.6800993999999998,-96.36948928800483,15.747906423646429,654,4
765,0.1243638,2.1929365,125.78551634863084,7.11314816059178,655,0
766,0.9956596999999999,-2.3625126,-135.51229927138627,56.94804246597774,656,3
767,0.9983615,-0.0383585,-2.2002204481793957,57.102575406433786,657,2
768,0.3139551,1.7900620999999999,102.6768835051149,17.95706742696354,658,0
769,0.6329629,2.1009226,120.50765448498304,36.20313055614125,659,0
770,0.7577713,-2.1685017999999996,-124.38395667906268,43.34170818794731,660,3
771,0.5372786999999999,1.9933056,114.3348082065383,30.730349158116283,661,0
772,0.5078192,-1.9381532,-111.17129977304457,29.04537500778514,662,3
773,0.8442489,-1.5589961,-89.42307696734571,48.28790620837119,663,4
774,0.7002558000000001,-1.3316181,-76.38081188747724,40.052034882447515,664,4
775,0.6682709,-1.8238167,-104.613027023243,38.222617217486224,665,3
776,0.5009601,-1.8494381000000002,-106.08265508979889,28.653059924550988,666,3
777,0.7357628,-2.1246417,-121.86816776971554,42.08290360580698,667,3
778,0.9258535,0.1533563,8.796424967533502,52.95538670016887,668,2
779,0.6858550999999999,-1.4002446000000002,-80.31718657853615,39.22836824700991,669,4
780,0.5805402,0.7720394,44.28371481366977,33.20474652414596,670,5
781,0.5980911999999999,-1.5493270000000001,-88.86846321718626,34.20859863679085,671,4
782,0.3940447,2.1005037,120.48362663337927,22.53789553709311,672,0
783,0.8919103999999999,0.2947128,16.90454863720439,51.01396725713333,673,2
784,-0.11846389999999998,-1.3932632,-79.91673768097968,-6.775695760193307,674,1
785,0.4875036,-0.2685468,-15.403682642781718,27.883398027576117,675,2
786,0.6338809,-2.0838009,-119.52556408917523,36.255636751765884,676,3
787,0.3996298,-1.7922262,-102.80101497719815,22.857342544917902,677,4
788,-0.0660562,-1.2794799,-73.39019614986321,-3.778169672570979,678,1
789,0.9490681999999999,0.322296,18.48670436973361,54.28318144915281,679,2
790,0.8165557,0.4134022,23.712501108290162,46.70395786776967,680,2
791,0.09182860000000001,-0.0685267,-3.930650223190557,5.2522553764014805,681,2
792,0.5705045,-1.8014765,-103.3316066116936,32.630741701237284,682,3
793,0.26844559999999995,1.288601,73.91337695020447,15.354092797574184,683,5
794,0.26504570000000005,2.1041689,120.69386029701751,15.159631126000983,684,0
795,0.4971169,-0.285213,-16.359645833038048,28.433243136942483,685,2
796,0.5643103,-1.5490129,-88.85044663043824,32.2764564322415,686,4
797,0.6930335999999999,-1.3566357,-77.81580634983558,39.638951825758774,687,4
798,0.08753680000000001,0.1212932,6.957304870240314,5.006780332412572,688,2
799,0.6784601,0.0239655,1.3746466402712127,38.80540167114478,689,2
800,0.6867015000000001,-1.4213822,-81.52962657867788,39.276779188161,690,4
801,-0.1135989,-1.3329638000000001,-76.45800042866406,-6.497435801899344,691,1
802,0.8005633000000001,-1.1612931999999998,-66.61107824788989,45.78925189510361,692,4
803,0.660752,-1.4032360000000001,-80.48877148015336,37.79256402110051,693,4
804,0.8148768,-1.1876058,-68.12035312998292,46.60793101391977,694,4
805,0.9000906999999999,0.0121397,0.6963258775698583,51.481850080737054,18,2
806,0.7200861999999999,1.209185,69.35812304005117,41.18626022200611,695,5
807,0.7180093000000001,0.2925276,16.77920688183435,41.067469244127246,696,2
808,0.7210321999999999,-1.8443767,-105.79233623540115,41.24036791379359,697,3
809,-0.5168696,0.5431416,31.154274921513462,-29.56302432464921,698,5
810,0.4535971,-1.9433892,-111.47163357824203,25.944071968810583,699,3
811,0.7292021,-2.1683447,-124.37494551771883,41.70765589596541,700,3
812,-0.034359100000000004,0.5260335,30.17296461351138,-1.9652131003120608,701,5
813,0.7757989000000001,-1.1931333,-68.43740719954538,44.372820053135456,702,4
814,0.7585341,-1.4028711999999999,-80.46784677195319,43.38533751912647,703,4
815,0.22941129999999998,-1.0683316999999999,-61.27886261919146,13.121475595100575,704,1
816,0.31862209999999996,-1.1719624,-67.22305713146761,18.224002519534544,705,1
817,0.7377035,-1.2544677,-71.95551142825126,42.19390444877945,706,4
818,0.7516121,-1.8929841,-108.58042741239804,42.98942478915509,707,3
819,0.9728517,0.1597287,9.161941992025556,55.64350944875909,708,2
820,0.7566369000000001,1.3446103,77.12603665139753,43.27682471483556,709,5
821,0.8970416999999999,-0.0583521,-3.3470412976057173,51.30745858786177,710,2
822,1.1673582,-2.8378879,-162.77954005555182,66.76855992725963,711,3
823,0.3177337,-1.1005191,-63.12511248959124,18.1731893341392,712,1
824,0.43452879999999994,0.9627479,55.22263946770004,24.853435923027064,713,5
825,1.0079276,-2.6615224,-152.66332123955578,57.64972085083993,714,3
826,0.0777157,-1.3223731,-75.85052425778842,4.445049833666248,715,1
827,0.6779243,-1.7326442,-99.38342735663362,38.77475589814295,716,4
828,0.6032887,1.2079826,69.289154100523,34.50587636201858,717,5
829,-0.4468092000000001,-0.9509426999999999,-54.54550030858674,-25.555829261533383,718,1
830,0.46679350000000003,-1.3507329,-77.47722529839943,26.698857110358475,719,4
831,-0.3565743,1.0067688,57.747651768161745,-20.39472761494343,720,5
832,0.446251,-1.8048625,-103.52582553155584,25.523902291601274,721,3
833,0.3343719,-1.7169047999999998,-98.48062485596036,19.124832671875406,722,4
834,0.9630674000000001,-2.0749346999999996,-119.01700419925125,55.08388377354109,723,3
835,-0.2675729,0.4965916,28.484194968888858,-15.304177593955865,724,5
836,0.7062911000000001,0.8734796999999999,50.10226930170898,40.39723166071916,725,5
837,0.7909151999999999,-1.1500026,-65.96345623471905,45.23741635479198,726,4
838,0.8056684000000001,-1.0480318000000002,-60.11447258631748,46.08124468299395,727,4
839,0.3951303,1.9863766,113.93736494140971,22.59998783117819,728,0
840,0.6510602,-1.8959162,-108.74861090174478,37.23822900284903,729,3
841,0.8588905000000001,-1.0016689,-57.455124576961104,49.1253514304384,730,4
842,0.232792,-0.2906357,-16.67068863774476,13.314839097876405,731,2
843,0.7258266,-1.4627221000000001,-83.90085833449972,41.51458981390554,732,4
844,0.48946890000000004,-0.2892447,-16.590901715852155,27.99580589932024,733,2
845,0.6012153,1.8980804,108.87274810976777,34.38728557116006,734,0
846,0.3898402,1.2780401000000001,73.30761008937367,22.29741372935478,735,5
847,0.6048351,-1.9620991,-112.54482216912521,34.59432470724073,736,3
848,0.42104670000000005,-1.8243578,-104.64406419321863,24.08230980098903,737,3
849,0.7799596999999999,-1.9393749,-111.24137574894407,44.61080238293391,738,3
850,0.6800797,2.1212557,121.67394884985329,38.898036784906935,739,0
851,0.7036486999999999,-1.3759111000000002,-78.92143167999285,40.24609617998,740,4
852,0.5186979,1.8612540000000002,106.7604079944652,29.667596304453703,741,0
853,0.8745845,0.384304,22.043445888581005,50.02299002971188,742,2
854,0.6683285,0.47397910000000004,27.18715559340607,38.22591172387836,743,2
855,0.09245249999999999,1.7501638,100.38834105669811,5.287940142687113,744,0
856,0.6590957,-1.7447288,-100.07659273140241,37.6978298034392,745,4
857,-0.2699518,-1.2244916000000001,-70.23610039349572,-15.440241851876834,746,1
858,0.4413013,-1.3322273,-76.41575523242113,25.240797807414708,747,4
859,0.1571981,0.1267662,7.271232852640194,8.991148355578735,748,2
860,0.8341504999999999,0.2269679,13.018741990962532,47.71031517798357,749,2
861,0.1243809,-1.2773157,-73.26605894184023,7.114126217176945,750,1
862,0.1666404,1.7464113,100.17309991766001,9.531212899093454,751,0
863,0.6533658,0.44240779999999996,25.376244847792808,37.37010077260084,752,2
864,0.7177876,-1.7572672999999999,-100.79579353668669,41.05478882629502,753,4
865,0.8924356999999999,0.240283,13.78248810432863,51.0440124690741,754,2
866,0.19437379999999999,1.3256701000000002,76.03963819127507,11.11746053061449,755,5
867,0.7033048000000001,-1.3669419,-78.4069637721286,40.2264263753228,756,4
868,-0.40155490000000005,-0.8226522,-47.186834526370056,-22.96745112574251,757,1
869,0.6167941,0.4394791,25.2082563803975,35.27833515764927,758,2
870,0.10761019999999999,0.0218953,1.2559012156112028,6.154904370812997,759,2
871,0.8556529,-2.1356023,-122.49686118171847,48.94017271698053,760,3
872,0.5540024,2.0745332,118.99397440116364,31.686882778778322,761,0
873,0.42837359999999997,2.0617224999999997,118.2591603678857,24.50138130940096,762,0
874,0.7308392,-1.8080913,-103.71102755413446,41.80129194482935,763,3
875,0.7995336,0.3724166,21.361591786994975,45.73035687371505,764,2
876,0.18907179999999998,2.1379124,122.62936712583358,10.81420579292187,765,0
877,0.2340609,1.8118787,103.92827053614457,13.387415472198956,766,0
878,0.6460232,-0.13903139999999997,-7.974757334593605,36.95013128241189,767,2
879,0.6440038,0.5375701999999999,30.834702774401688,36.834629091295994,768,2
880,0.6988159,-1.5407435,-88.37611882892946,39.969677942273314,769,4
881,0.6587152,-1.6081586,-92.24300834588291,37.67606661451199,770,4
882,0.570597,-1.4599540000000002,-83.74208178633945,32.63603235820382,771,4
883,0.18808370000000002,2.1470168,123.15159002423691,10.757690137260974,772,0
884,0.43222209999999994,-1.8757926,-107.59433333064625,24.721501237354566,773,3
885,0.6507407,-2.1033661,-120.64781217272177,37.21995478770516,774,3
886,-0.0240725,-0.8460709999999999,-48.53012278403977,-1.3768577278584735,775,1
887,1.0572001,-2.6397231,-151.41292652610252,60.467925125257075,776,3
888,0.5656839,-1.7397773999999997,-99.7925834107273,32.35502125828725,777,4
889,0.7364487,-1.5550395000000001,-89.19612877528223,42.12213454216747,778,4
890,0.4361997,1.7932211,102.85808184174952,24.949005206544722,779,0
891,0.9405475000000001,-2.1411525,-122.81521730960371,53.79582900791225,780,3
892,0.9149190999999999,0.2936743,16.84498090292296,52.32997957006208,781,2
893,0.5022639,-1.4178619,-81.32770429173428,28.72763244944794,782,4
894,0.1671483,-0.2375742,-13.627112968438844,9.560262895561594,783,2
895,0.4919943,1.9760618000000003,113.3457142282984,28.140249413950364,784,0
896,0.6595128,-1.4158844,-81.21427608322053,37.721686376636406,785,4
897,0.2800189,1.8884288,108.31913814906419,16.016042638339563,786,0
898,0.6465433,-1.7620843999999998,-101.07209949028041,36.9798790736367,787,4
899,0.737084,-0.1505655,-8.636346361050478,42.15847134617655,788,2
900,0.6824813,-1.4733826,-84.51233819131936,39.03539939864564,789,4
901,0.203844,2.1358641,122.51187787197836,11.6591208506629,790,0
902,0.3243188,1.2901421999999998,74.00177925359831,18.5498326334941,791,5
903,0.7735404,-1.2181927,-69.87479928471832,44.243642228714705,792,4
904,-0.4915615,2.6791678,153.6754507518231,-28.115494858976135,793,6
905,0.3172677,2.1036802000000003,120.66582875946978,18.146535862286168,794,0
906,0.7393109999999999,0.336009,19.273273787356402,42.285847487414095,795,2
907,-0.7857664000000001,2.9450511,168.9263566394208,-44.94292408896178,796,6
908,0.6775036999999999,-1.6095356,-92.32199223621082,38.75069913792538,797,4
909,0.3891456,-1.7080821,-97.97456009982672,22.257685185257966,798,4
910,0.215604,-0.0263967,-1.514098807420964,12.331749239056945,799,2
911,0.6764024000000001,-1.9155861,-109.87686451420731,38.68770886206328,800,3
912,0.13836220000000002,-1.2655644,-72.59201145425102,7.913804727946815,801,1
913,0.266894,0.6791199,38.953908279665434,15.265347031636077,802,5
914,0.17003210000000002,2.0727356,118.8908651482563,9.725205561076114,803,0
915,0.7998408,0.2351343,13.487161774531028,45.7479275744731,804,2
916,0.8809427,0.3330088,19.101184123041378,50.38665549051859,805,2
917,0.6064199,-1.5290864,-87.70747459658273,34.684969390057645,806,4
918,0.8849203999999999,-2.1021444,-120.57773619682226,50.614165179337895,807,3
919,0.2890894,-1.6235488999999999,-93.1257866808964,16.534841600663388,808,4
920,0.7838972,-1.6956693999999999,-97.26257510674523,44.836012780833705,809,4
921,0.7746679,-1.7144108,-98.33757051864897,44.308131047414896,810,4
922,-0.050430800000000005,-1.3785378000000001,-79.07209760934965,-2.8844547388964634,811,1
923,0.6587082,-0.448513,-25.726435441278603,37.67566624047128,812,2
924,0.30029609999999995,-1.0923999,-62.65940006958372,17.17582328095382,813,1
925,0.8137598,-1.4102068,-80.88861236809656,46.544042756280646,814,4
926,0.7357156,-1.3833131,-79.34600594012878,42.08020394084676,815,4
927,-0.2731946,-0.9794212,-56.17900990967847,-15.625717986050661,816,1
928,0.5843868,-1.5879983999999998,-91.08663142083665,33.42475777914567,817,4
929,1.0275923,0.09839780000000001,5.644038521210854,58.774468764892006,818,2
930,-0.07654580000000001,0.2695591,15.461747560849213,-4.3781358922051785,819,5
931,0.7614191,-1.2619463,-72.38447941823404,43.550348820190834,820,4
932,0.9903539000000001,1.0612073,60.87021132779557,56.64457038237732,821,5
933,0.6533621999999999,-1.8477276999999999,-105.98454757635163,37.36989486595133,822,3
934,0.8350196,1.8634357,106.88554899194405,47.76002447495239,823,0
935,0.1925098,1.3446611000000002,77.12895050878944,11.010846643202376,824,5
936,-0.32806779999999996,0.8286614,47.53151861769792,-18.764261530440464,825,5
937,-0.0079196,-1.5754371999999999,-90.36612855722962,-0.45297175040182647,826,1
938,0.06497090000000001,0.2016431,11.566126721698781,3.716094537373356,827,2
939,-0.7182239,-1.2419327,-71.23651138085815,-41.07974356828961,828,1
940,-0.3923483,0.30492470000000005,17.490297068315183,-22.440867748141436,829,5
941,0.7605481,0.06916760000000001,3.9674118610345346,43.500530850268106,830,2
942,0.5521541,-1.8575365000000001,-106.54717443433884,31.58116687314323,831,3
943,0.6024824000000001,1.9869003,113.9674040578692,34.45975899215786,832,0
944,0.8976646999999999,0.2136562,12.255190899547861,51.343091877485016,833,2
945,0.7186969,-1.377042,-78.98629942260129,41.10679741418334,834,4
946,-0.3150895,-1.2265441000000001,-70.35383055682037,-18.021950900075293,835,1
947,0.1771463,-1.1855742,-68.00382177806559,10.132111418279594,836,1
948,0.3092933,1.4525416000000002,83.31691098846976,17.690429755108493,837,5
949,0.8561707000000001,-2.1619368999999997,-124.00739797055601,48.96978895673482,838,3
950,0.7272665,-1.2266244,-70.35843651643788,41.59694675407974,839,4
951,0.6490653000000001,-0.06592739999999998,-3.7815559413246675,37.124128120875625,840,2
952,0.254661,-1.0647067,-61.07093480333186,14.565664797348292,841,1
953,0.4020261,-1.4213142,-81.52572613964935,22.994402018311494,842,4
954,-0.6162217,2.6039441,149.36066464371896,-35.24559600037744,843,6
955,0.3141069,-1.6199691999999999,-92.92045724574258,17.965749824017813,844,4
956,0.6586890000000001,-1.5213477,-87.2635874273158,37.67456807167391,845,4
957,-0.062003300000000004,-1.4029201,-80.4706516464899,-3.5463588226286133,846,1
958,-0.0815826,0.9690382,55.583447285659105,-4.666222173384015,847,5
959,0.5583283,0.7750015,44.45361908494086,31.93430821630841,848,5
960,0.5517213000000001,-1.6969922999999998,-97.33845585366954,31.556412318169002,849,4
961,0.7426636999999999,-1.6439708999999998,-94.29718029620251,42.47760949402708,850,4
962,0.6790273,0.2834816,16.260333772243758,38.83784340770065,851,2
963,0.6153943000000001,-1.9885933,-114.06451351780032,35.19827178876543,852,3
964,1.0901815000000001,-1.9973547999999999,-114.56706787880827,62.354338894728116,853,3
965,-0.16599489999999997,-0.624683,-35.831440495067575,-9.494292692910768,854,1
966,0.7557642,-0.1462108,-8.386563392850816,43.22690951121724,855,2
967,0.7465681,2.4729919,141.8493253532337,42.70092669467723,856,0
968,-0.15460770000000001,0.23092800000000002,13.245890940917178,-8.84298708199915,857,5
969,0.6831393,-1.6872237,-96.77813484346099,39.07303455847245,858,4
970,-0.9250699,-1.236646,-70.9332694542085,-52.91056768612588,859,1
971,0.8229786,-0.0281125,-1.6125160616145902,47.071323928638385,860,2
972,0.6444821,-1.9451345000000002,-111.5717429346613,36.86198607753484,861,3
973,0.3865834,1.9825544999999998,113.71813158830709,22.11113684709953,862,0
974,0.7597313,-1.2732107,-73.03059861519095,43.45381291934632,863,4
975,0.21875079999999997,-0.1387526,-7.958765534576598,12.511734529243881,864,2
976,0.5276043,2.1019697999999996,120.5677212460225,30.177009355337436,865,0
977,0.3124907,-1.0968278,-62.91338174567881,17.873309177646853,866,1
978,0.1842755,-1.2518873,-71.8075012389977,10.539875219856023,867,1
979,0.960151,1.4425268999999998,82.74247383054171,54.917076508922676,868,5
980,0.4871598,2.1092652999999997,120.98618673032696,27.863733942548066,869,0
981,0.3945893,1.8879575000000002,108.29210466503257,22.5690446374604,870,0
982,0.5396156999999999,0.5183,29.729375713111324,30.864016891422143,871,2
983,0.9964565999999999,0.17190170000000002,9.860177937531448,56.99362219069808,872,2
984,0.8201494,0.2694719,15.456745821389086,46.90950418064141,873,2
985,0.6413142,-0.10576889999999999,-6.066840375964692,36.68079394559662,874,2
986,0.7342932,-1.2255946000000002,-70.29936780891452,41.998847935774336,875,4
987,0.6798215,-1.6696447,-95.76981399518628,38.88326870243387,876,4
988,0.7058268,-1.9113101000000003,-109.63159573058921,40.370675422561725,877,3
989,0.5706859999999999,-0.2927703,-16.793128007602387,32.64112282814999,878,2
990,0.8326425,-1.8185109,-104.30868953210152,47.62406317035617,879,3
991,-0.3572462,-0.9542151,-54.73320320089542,-20.433157803222507,880,1
992,0.34360300000000005,-1.3942178,-79.97149296181267,19.652817358618968,881,4
993,0.7860038,0.6836542,39.213992995652234,44.956502488571026,882,5
994,0.8471530999999999,0.13313770000000003,7.636698253674518,48.45401567823292,883,2
995,0.8248460999999999,0.1979901,11.356592842709787,47.17813800307085,884,2
996,0.2638763,2.5434509,145.890811140172,15.092745782685675,885,0
997,-0.1288023,1.9685044999999999,112.91223205373404,-7.367013900548155,886,0
998,-0.6620767,-1.0048436,-57.63722345613613,-37.86833194849044,887,1
999,0.27011240000000003,0.7717794,44.268801370325356,15.44942757629657,888,5
1000,0.4285377,0.6929847,39.74918485382547,24.51076722084105,889,5
1001,-0.747631,2.5745351000000003,147.6737821232735,-42.76172063294458,890,6
1002,-0.4072481,-0.8923886000000001,-51.18687241269038,-23.293081052681707,891,1
1003,1.0595823999999998,-2.3573638999999997,-135.21697294158864,60.604183850569235,892,3
1004,-0.1246022,-1.3698985000000001,-78.57655256671356,-7.126783756492557,893,1
1005,0.7486816999999999,-0.1468719,-8.424483690523857,42.82181677645526,894,2
1006,0.1109546,0.0416148,2.3869998541886654,6.346191648206284,895,2
1007,-0.1462226,-1.3015671,-74.65710463385055,-8.363390457890059,896,1
1008,-0.28690770000000004,-0.6820903,-39.1242886339356,-16.41005645143216,897,1
1009,-0.4285691,0.4523579000000001,25.94697658864373,-24.512563184395095,898,5
1010,-0.44920059999999995,-0.9507402,-54.53388503059735,-25.69260847309847,899,1
1011,0.8676171,-2.1796894,-125.02567067429327,49.624480588105015,900,3
1012,-0.1247183,-0.6099684,-34.9874199049303,-7.133424245939203,901,1
1013,0.5492045,-1.5592264999999998,-89.43629257252474,31.412460691646025,902,4
1014,0.1036239,2.0254721,116.17985926553077,5.926902793886538,903,0
1015,0.4681706,1.3231725,75.89637736013275,26.77762212342458,904,5
1016,0.5035729,-1.6915470000000001,-97.02611672657983,28.80250239506085,905,4
1017,-0.22014879999999998,-1.208267,-69.30546711316589,-12.591694944802969,906,1
1018,0.0951698,-0.9632088,-55.249076413997884,5.443359625661869,907,1
1019,0.6589491,-1.5535368,-89.10993480869128,37.68944482710088,908,4
1020,0.8439924000000001,0.6126210999999999,35.139577178621536,48.27323535959373,909,2
1021,0.7515614,1.2998793,74.56029344278632,42.98652493717451,910,5
1022,0.906819,0.0774441,4.4421469142654155,51.866683889039074,911,2
1023,1.0608076000000002,-2.8246059,-162.01769253824224,60.674260746951944,912,3
